rank,name,postcode,address,rating,reviewCount,removedRange,removedMin,removedMax,removedEstimate,deletionRatioPct,realRatingAdjusted,removedText,url
1,Oishii Sushi & Grill,76131,,4.6,1514,über 250,250,,300,16.54,4.005,Über 250 Bewertungen aufgrund von Beschwerden wegen Diffamierung entfernt.,https://www.google.com/maps/place/Oishii+Sushi+%26+Grill/data=!4m7!3m6!1s0x4797065a95342735:0x1e393bf69629f01b!8m2!3d49.0079384!4d8.3956165!16s%2Fg%2F12hnw_0jg!19sChIJNSc0lVoGl0cRG_AplvY7OR4?authuser=0&hl=de&rclk=1
2,Edeka Holzer,76131,,4.6,612,151–200,151,200,175.5,22.29,3.798,151 bis 200 Bewertungen aufgrund von Beschwerden wegen Diffamierung entfernt.,https://www.google.com/maps/place/Edeka+Holzer/data=!4m7!3m6!1s0x4797068187a4b0d1:0x30592bf2db9ecdb5!8m2!3d48.9824993!4d8.3692836!16s%2Fg%2F1tj7vb08!19sChIJ0bCkh4EGl0cRtc2e2_IrWTA?authuser=0&hl=de&rclk=1
3,Kani Restaurant,76131,,4.4,337,151–200,151,200,175.5,34.24,3.236,151 bis 200 Bewertungen aufgrund von Beschwerden wegen Diffamierung entfernt.,https://www.google.com/maps/place/Kani+Restaurant/data=!4m7!3m6!1s0x479707d21a35f301:0xb3a8efac94e3d831!8m2!3d49.00964!4d8.41061!16s%2Fg%2F11q88w0y__!19sChIJAfM1GtIHl0cRMdjjlKzvqLM?authuser=0&hl=de&rclk=1
4,Trip Inn Hotel Blankenburg,76131,,4.2,385,101–150,101,150,125.5,24.58,3.413,101 bis 150 Bewertungen aufgrund von Beschwerden wegen Diffamierung entfernt.,https://www.google.com/maps/place/Trip+Inn+Hotel+Blankenburg/data=!4m10!3m9!1s0x47970647a83d2629:0xf6b8974c55aad24c!5m2!4m1!1i2!8m2!3d49.0058473!4d8.4069618!16s%2Fg%2F1vlk0htm!19sChIJKSY9qEcGl0cRTNKqVUyXuPY?authuser=0&hl=de&rclk=1
5,Erste Fracht Braugasthaus,76131,,4.5,3110,51–100,51,100,75.5,2.37,4.417,51 bis 100 Bewertungen aufgrund von Beschwerden wegen Diffamierung entfernt.,https://www.google.com/maps/place/Erste+Fracht+Braugasthaus/data=!4m7!3m6!1s0x4797066bde0a1b8b:0x3202fdb2a041ca52!8m2!3d48.9948422!4d8.4002253!16s%2Fg%2F11gbn792zp!19sChIJixsK3msGl0cRUspBoLL9AjI?authuser=0&hl=de&rclk=1
6,Katik Karlsruhe,76131,,4.9,1044,51–100,51,100,75.5,6.74,4.637,51 bis 100 Bewertungen aufgrund von Beschwerden wegen Diffamierung entfernt.,https://www.google.com/maps/place/Katik+Karlsruhe/data=!4m7!3m6!1s0x4797070025041fd7:0x6e982ea06e6b3291!8m2!3d49.0100584!4d8.3969959!16s%2Fg%2F11y6nz20dd!19sChIJ1x8EJQAHl0cRkTJrbqAumG4?authuser=0&hl=de&rclk=1
7,Restaurant Terra Mare,76131,,4.8,936,51–100,51,100,75.5,7.46,4.516,51 bis 100 Bewertungen aufgrund von Beschwerden wegen Diffamierung entfernt.,https://www.google.com/maps/place/Restaurant+Terra+Mare/data=!4m7!3m6!1s0x479706436267a229:0xfe6cb8212d314d78!8m2!3d49.0038922!4d8.3983323!16s%2Fg%2F11bbwyty_0!19sChIJKaJnYkMGl0cReE0xLSG4bP4?authuser=0&hl=de&rclk=1
8,Café Juli,76131,,4.7,788,51–100,51,100,75.5,8.74,4.376,51 bis 100 Bewertungen aufgrund von Beschwerden wegen Diffamierung entfernt.,https://www.google.com/maps/place/Caf%C3%A9+Juli/data=!4m7!3m6!1s0x479706f0edc9a3b1:0x4929c73775ee8c0!8m2!3d49.0090482!4d8.3763765!16s%2Fg%2F1z3t9gn35!19sChIJsaPJ7fAGl0cRwOhed3OckgQ?authuser=0&hl=de&rclk=1
9,JONNY M. Club Europaplatz Karlsruhe Fitnessstudio Karlsruhe,76131,,4.5,762,51–100,51,100,75.5,9.01,4.184,51 bis 100 Bewertungen aufgrund von Beschwerden wegen Diffamierung entfernt.,https://www.google.com/maps/place/JONNY+M.+Club+Europaplatz+Karlsruhe+Fitnessstudio+Karlsruhe/data=!4m7!3m6!1s0x4797065089f693a3:0xda4494198ae62ad4!8m2!3d49.0102704!4d8.3947084!16s%2Fg%2F1vc6cbbw!19sChIJo5P2iVAGl0cR1CrmihmURNo?authuser=0&hl=de&rclk=1
10,Kühners Wirtshaus,76131,,4.5,689,51–100,51,100,75.5,9.88,4.154,51 bis 100 Bewertungen aufgrund von Beschwerden wegen Diffamierung entfernt.,https://www.google.com/maps/place/K%C3%BChners+Wirtshaus/data=!4m7!3m6!1s0x4797077de95acbdb:0x905e2957df44c049!8m2!3d48.9787332!4d8.404031!16s%2Fg%2F11pcpq46lc!19sChIJ28ta6X0Hl0cRScBE31cpXpA?authuser=0&hl=de&rclk=1
11,Ludwigs Restaurant & Bar - Karlsruhe,76131,,4.5,650,51–100,51,100,75.5,10.41,4.136,51 bis 100 Bewertungen aufgrund von Beschwerden wegen Diffamierung entfernt.,https://www.google.com/maps/place/Ludwigs+Restaurant+%26+Bar+-+Karlsruhe/data=!4m7!3m6!1s0x4797065aa28a07ef:0xa6c930d4884a4d9b!8m2!3d49.0088551!4d8.3961548!16s%2Fg%2F1tfjztfj!19sChIJ7weKoloGl0cRm01KiNQwyaY?authuser=0&hl=de&rclk=1
12,GOTEC,76131,,4.7,636,51–100,51,100,75.5,10.61,4.307,51 bis 100 Bewertungen aufgrund von Beschwerden wegen Diffamierung entfernt.,https://www.google.com/maps/place/GOTEC/data=!4m7!3m6!1s0x47970727c79d7839:0x9977b68e618bffc7!8m2!3d49.0243324!4d8.3530885!16s%2Fm%2F0kmlpmg!19sChIJOXidxycHl0cRx_-LYY62d5k?authuser=0&hl=de&rclk=1
13,The Last Meal BBQ,76131,,4.6,625,51–100,51,100,75.5,10.78,4.212,51 bis 100 Bewertungen aufgrund von Beschwerden wegen Diffamierung entfernt.,https://www.google.com/maps/place/The+Last+Meal+BBQ/data=!4m7!3m6!1s0x479707c4cc815ac5:0x272f311a27cc6e9!8m2!3d49.00523!4d8.399759!16s%2Fg%2F11v9yqvv2r!19sChIJxVqBzMQHl0cR6cZ8ohHzcgI?authuser=0&hl=de&rclk=1
14,goldies,76131,,4.3,542,51–100,51,100,75.5,12.23,3.897,51 bis 100 Bewertungen aufgrund von Beschwerden wegen Diffamierung entfernt.,https://www.google.com/maps/place/goldies/data=!4m7!3m6!1s0x479707f2bfa35fa5:0x3e55fb218c22beec!8m2!3d49.0088337!4d8.3972182!16s%2Fg%2F11xl9x2zxk!19sChIJpV-jv_IHl0cR7L4ijCH7VT4?authuser=0&hl=de&rclk=1
15,Wok on Fire,76131,,4.7,336,51–100,51,100,75.5,18.35,4.021,51 bis 100 Bewertungen aufgrund von Beschwerden wegen Diffamierung entfernt.,https://www.google.com/maps/place/Wok+on+Fire/data=!4m7!3m6!1s0x479707006973e1c1:0xd37ae1186a0e34db!8m2!3d49.0097667!4d8.4029145!16s%2Fg%2F11xnmw4nz9!19sChIJweFzaQAHl0cR2zQOahjhetM?authuser=0&hl=de&rclk=1
16,Frischland Grill,76131,,4.4,325,51–100,51,100,75.5,18.85,3.759,51 bis 100 Bewertungen aufgrund von Beschwerden wegen Diffamierung entfernt.,https://www.google.com/maps/place/Frischland+Grill/data=!4m7!3m6!1s0x479708900bdfd1a1:0x2a04ac22557bc1f4!8m2!3d49.0043872!4d8.4476227!16s%2Fg%2F11cm3rk3gd!19sChIJodHfC5AIl0cR9MF7VSKsBCo?authuser=0&hl=de&rclk=1
17,Pattyville,76131,,4.7,302,51–100,51,100,75.5,20,3.96,51 bis 100 Bewertungen aufgrund von Beschwerden wegen Diffamierung entfernt.,https://www.google.com/maps/place/Pattyville/data=!4m7!3m6!1s0x47970781c4115977:0x7441225a314e0735!8m2!3d49.0087525!4d8.3935363!16s%2Fg%2F11x7cx5d0_!19sChIJd1kRxIEHl0cRNQdOMVoiQXQ?authuser=0&hl=de&rclk=1
18,Europa Arena Sportzentrum,76131,,4.7,273,51–100,51,100,75.5,21.66,3.898,51 bis 100 Bewertungen aufgrund von Beschwerden wegen Diffamierung entfernt.,https://www.google.com/maps/place/Europa+Arena+Sportzentrum/data=!4m7!3m6!1s0x4797072420f4b9c1:0x7cbb3b8572a7bc95!8m2!3d49.0272767!4d8.3554526!16s%2Fg%2F1thkw6jp!19sChIJwbn0ICQHl0cRlbyncoU7u3w?authuser=0&hl=de&rclk=1
19,Space Hotel Karlsruhe,76131,,4.4,249,51–100,51,100,75.5,23.27,3.609,51 bis 100 Bewertungen aufgrund von Beschwerden wegen Diffamierung entfernt.,https://www.google.com/maps/place/Space+Hotel+Karlsruhe/data=!4m10!3m9!1s0x479707497cfafaed:0x44b9ddfc9506e955!5m2!4m1!1i2!8m2!3d49.010286!4d8.3924324!16s%2Fg%2F11gnjhh230!19sChIJ7fr6fEkHl0cRVekGlfzduUQ?authuser=0&hl=de&rclk=1
20,DeliBurgers,76131,,4.6,3517,21–50,21,50,35.5,1,4.564,21 bis 50 Bewertungen aufgrund von Beschwerden wegen Diffamierung entfernt.,https://www.google.com/maps/place/DeliBurgers/data=!4m7!3m6!1s0x4797065044e318b7:0xf032ff7c671e3a01!8m2!3d49.0109296!4d8.3958628!16s%2Fg%2F11bxc3r0lx!19sChIJtxjjRFAGl0cRAToeZ3z_MvA?authuser=0&hl=de&rclk=1
21,AllDent Zahnzentrum Karlsruhe GmbH,76131,,4.9,741,21–50,21,50,35.5,4.57,4.722,21 bis 50 Bewertungen aufgrund von Beschwerden wegen Diffamierung entfernt.,https://www.google.com/maps/place/AllDent+Zahnzentrum+Karlsruhe+GmbH/data=!4m7!3m6!1s0x479707934b6f1237:0x71b31bab320cfe51!8m2!3d49.0104779!4d8.3948673!16s%2Fg%2F11vqgxzcqt!19sChIJNxJvS5MHl0cRUf4MMqsbs3E?authuser=0&hl=de&rclk=1
22,Zum Kleinen Ketterer,76131,,4.5,616,21–50,21,50,35.5,5.45,4.309,21 bis 50 Bewertungen aufgrund von Beschwerden wegen Diffamierung entfernt.,https://www.google.com/maps/place/Zum+Kleinen+Ketterer/data=!4m7!3m6!1s0x47970647cfef3fd9:0x9aae5aeecfe77254!8m2!3d49.007577!4d8.407496!16s%2Fg%2F1tf06m4z!19sChIJ2T_vz0cGl0cRVHLnz-5arpo?authuser=0&hl=de&rclk=1
23,Restaurant Ege Rosa,76131,,4.7,611,21–50,21,50,35.5,5.49,4.497,21 bis 50 Bewertungen aufgrund von Beschwerden wegen Diffamierung entfernt.,https://www.google.com/maps/place/Restaurant+Ege+Rosa/data=!4m7!3m6!1s0x47970726413218d3:0x37444a897064f3ff!8m2!3d49.0100485!4d8.387997!16s%2Fg%2F11bwm44dxt!19sChIJ0xgyQSYHl0cR__NkcIlKRDc?authuser=0&hl=de&rclk=1
24,Mama's Café • Restaurant,76131,,4.6,592,21–50,21,50,35.5,5.66,4.396,21 bis 50 Bewertungen aufgrund von Beschwerden wegen Diffamierung entfernt.,https://www.google.com/maps/place/Mama%27s+Caf%C3%A9+%E2%80%A2+Restaurant/data=!4m7!3m6!1s0x47970782bbb5d9d9:0xd53784bd05d1c74f!8m2!3d49.0116983!4d8.3991769!16s%2Fg%2F11p5gny2yr!19sChIJ2dm1u4IHl0cRT8fRBb2EN9U?authuser=0&hl=de&rclk=1
25,Haarsympathie Friseursalon,76131,,4.8,488,21–50,21,50,35.5,6.78,4.542,21 bis 50 Bewertungen aufgrund von Beschwerden wegen Diffamierung entfernt.,https://www.google.com/maps/place/Haarsympathie+Friseursalon/data=!4m7!3m6!1s0x479706485e1d1871:0x88af508f7140c526!8m2!3d49.0095804!4d8.4077825!16s%2Fg%2F11f_fxc3mp!19sChIJcRgdXkgGl0cRJsVAcY9Qr4g?authuser=0&hl=de&rclk=1
26,Kral Döner & Pizza Haus,76131,,4.8,469,21–50,21,50,35.5,7.04,4.533,21 bis 50 Bewertungen aufgrund von Beschwerden wegen Diffamierung entfernt.,https://www.google.com/maps/place/Kral+D%C3%B6ner+%26+Pizza+Haus/data=!4m7!3m6!1s0x479706380f3d5def:0x125a43fa62eb3aa0!8m2!3d49.006775!4d8.4107569!16s%2Fg%2F11cmcrlk8d!19sChIJ7109DzgGl0cRoDrrYvpDWhI?authuser=0&hl=de&rclk=1
27,Portale 50 - Ristorante - Bar - Lounge,76131,,4.8,448,21–50,21,50,35.5,7.34,4.521,21 bis 50 Bewertungen aufgrund von Beschwerden wegen Diffamierung entfernt.,https://www.google.com/maps/place/Portale+50+-+Ristorante+-+Bar+-+Lounge/data=!4m7!3m6!1s0x4797065a451249bd:0x421776589372160b!8m2!3d49.0073051!4d8.4027123!16s%2Fg%2F1tdvcjh5!19sChIJvUkSRVoGl0cRCxZyk1h2F0I?authuser=0&hl=de&rclk=1
28,Schloss Döner und Pizza Haus,76131,,4.6,435,21–50,21,50,35.5,7.55,4.328,21 bis 50 Bewertungen aufgrund von Beschwerden wegen Diffamierung entfernt.,https://www.google.com/maps/place/Schloss+D%C3%B6ner+und+Pizza+Haus/data=!4m7!3m6!1s0x479708e433febbe1:0x1cd0c2ea52284a2!8m2!3d48.9991529!4d8.4748843!16s%2Fg%2F1td70yrm!19sChIJ4bv-M-QIl0cRooQipS4MzQE?authuser=0&hl=de&rclk=1
29,Haus des Döners Karlsruhe,76131,,4.4,405,21–50,21,50,35.5,8.06,4.126,21 bis 50 Bewertungen aufgrund von Beschwerden wegen Diffamierung entfernt.,https://www.google.com/maps/place/Haus+des+D%C3%B6ners+Karlsruhe/data=!4m7!3m6!1s0x479707ab283b0295:0xa1d8f02c3175a4c2!8m2!3d49.0087266!4d8.3947361!16s%2Fg%2F11vkgfk153!19sChIJlQI7KKsHl0cRwqR1MSzw2KE?authuser=0&hl=de&rclk=1
30,Zentral-Apotheke,76131,,4.9,385,21–50,21,50,35.5,8.44,4.571,21 bis 50 Bewertungen aufgrund von Beschwerden wegen Diffamierung entfernt.,https://www.google.com/maps/place/Zentral-Apotheke/data=!4m7!3m6!1s0x4797064fe6186b6d:0xfa66fae043ec7558!8m2!3d49.0100498!4d8.3978887!16s%2Fg%2F1tmbv1jz!19sChIJbWsY5k8Gl0cRWHXsQ-D6Zvo?authuser=0&hl=de&rclk=1
31,Topsy Turvy,76131,,4.5,346,21–50,21,50,35.5,9.31,4.174,21 bis 50 Bewertungen aufgrund von Beschwerden wegen Diffamierung entfernt.,https://www.google.com/maps/place/Topsy+Turvy/data=!4m7!3m6!1s0x4797065a1f336265:0xac1e29f59c49e4ed!8m2!3d49.0082784!4d8.3915031!16s%2Fg%2F11btm9xqw1!19sChIJZWIzH1oGl0cR7eRJnPUpHqw?authuser=0&hl=de&rclk=1
32,Zahnarzt Karlsruhe - Dein Dental,76131,,4.5,310,21–50,21,50,35.5,10.27,4.14,21 bis 50 Bewertungen aufgrund von Beschwerden wegen Diffamierung entfernt.,https://www.google.com/maps/place/Zahnarzt+Karlsruhe+-+Dein+Dental/data=!4m7!3m6!1s0x47970725d833401b:0xb6f4f374528b2219!8m2!3d49.0100211!4d8.4008729!16s%2Fg%2F11ts40vcxk!19sChIJG0Az2CUHl0cRGSKLUnTz9LY?authuser=0&hl=de&rclk=1
33,Headline Friseursalon,76131,,4.8,274,21–50,21,50,35.5,11.47,4.364,21 bis 50 Bewertungen aufgrund von Beschwerden wegen Diffamierung entfernt.,https://www.google.com/maps/place/Headline+Friseursalon/data=!4m7!3m6!1s0x4797065a04013551:0xbfbbde1ff45a8dc1!8m2!3d49.0089915!4d8.391854!16s%2Fg%2F1tff1zrg!19sChIJUTUBBFoGl0cRwY1a9B_eu78?authuser=0&hl=de&rclk=1
34,Badische Weinstuben im Botanischen Garten Karlsruhe,76131,,4.5,229,21–50,21,50,35.5,13.42,4.03,21 bis 50 Bewertungen aufgrund von Beschwerden wegen Diffamierung entfernt.,https://www.google.com/maps/place/Badische+Weinstuben+im+Botanischen+Garten+Karlsruhe/data=!4m7!3m6!1s0x4797064ddf587e9d:0x5df9d29668064ffc!8m2!3d49.0139122!4d8.4010247!16s%2Fg%2F1tnbk26q!19sChIJnX5Y300Gl0cR_E8GaJbS-V0?authuser=0&hl=de&rclk=1
35,Hautärzte am Marktplatz,76131,,4.6,225,21–50,21,50,35.5,13.63,4.109,21 bis 50 Bewertungen aufgrund von Beschwerden wegen Diffamierung entfernt.,https://www.google.com/maps/place/Haut%C3%A4rzte+am+Marktplatz/data=!4m7!3m6!1s0x47970648b5ac260d:0x6ffca3e4789d63e5!8m2!3d49.0096787!4d8.4042634!16s%2Fg%2F12m9kkxlw!19sChIJDSastUgGl0cR5WOdeOSj_G8?authuser=0&hl=de&rclk=1
36,"""Die Pinte"" Nichtraucher Kult Kneipe - Pub - Sportsbar - Drinks & Snacks - 20% Studenten Rabatt - Happy Hour -Terrasse",76131,,4.5,217,21–50,21,50,35.5,14.06,4.008,21 bis 50 Bewertungen aufgrund von Beschwerden wegen Diffamierung entfernt.,https://www.google.com/maps/place/%22Die+Pinte%22+Nichtraucher+Kult+Kneipe+-+Pub+-+Sportsbar+-+Drinks+%26+Snacks+-+20%25+Studenten+Rabatt+-+Happy+Hour+-Terrasse/data=!4m7!3m6!1s0x47970659965f5981:0x89ed6058b79e38f9!8m2!3d49.0079435!4d8.3896897!16s%2Fg%2F1tmxpz3g!19sChIJgVlfllkGl0cR-Tiet1hg7Yk?authuser=0&hl=de&rclk=1
37,Gentlemen’s Barber 76,76131,,4.7,217,21–50,21,50,35.5,14.06,4.18,21 bis 50 Bewertungen aufgrund von Beschwerden wegen Diffamierung entfernt.,https://www.google.com/maps/place/Gentlemen%E2%80%99s+Barber+76/data=!4m7!3m6!1s0x4797064fbf778819:0xa8c14efe1b55f60a!8m2!3d49.010296!4d8.39973!16s%2Fg%2F11fx4430v4!19sChIJGYh3v08Gl0cRCvZVG_5Owag?authuser=0&hl=de&rclk=1
38,e-training Fitnessclub & Personal Training Premium Plus Karlsruhe,76131,,4.7,135,21–50,21,50,35.5,20.82,3.93,21 bis 50 Bewertungen aufgrund von Beschwerden wegen Diffamierung entfernt.,https://www.google.com/maps/place/e-training+Fitnessclub+%26+Personal+Training+Premium+Plus+Karlsruhe/data=!4m7!3m6!1s0x479706d9a88c8bed:0xcdf13f687b2549b5!8m2!3d49.0193041!4d8.3525641!16s%2Fg%2F1th1s_dp!19sChIJ7YuMqNkGl0cRtUkle2g_8c0?authuser=0&hl=de&rclk=1
39,Adria Pizzaservice,76131,,4.6,112,21–50,21,50,35.5,24.07,3.734,21 bis 50 Bewertungen aufgrund von Beschwerden wegen Diffamierung entfernt.,https://www.google.com/maps/place/Adria+Pizzaservice/data=!4m7!3m6!1s0x479706304be69041:0x14dd1d4e85209f63!8m2!3d49.0095232!4d8.4215024!16s%2Fg%2F1v44cxqx!19sChIJQZDmSzAGl0cRY58ghU4d3RQ?authuser=0&hl=de&rclk=1
40,Zahnwelt am Europaplatz,76131,,4.5,48,21–50,21,50,35.5,42.51,3.012,21 bis 50 Bewertungen aufgrund von Beschwerden wegen Diffamierung entfernt.,https://www.google.com/maps/place/Zahnwelt+am+Europaplatz/data=!4m7!3m6!1s0x479706507b47eefd:0xa0763fe82594114b!8m2!3d49.0097984!4d8.3952293!16s%2Fg%2F1tr7hb09!19sChIJ_e5He1AGl0cRSxGUJeg_dqA?authuser=0&hl=de&rclk=1
41,Braustübl Hatz-Moninger,76131,,4.6,1303,11–20,11,20,15.5,1.18,4.558,11 bis 20 Bewertungen aufgrund von Beschwerden wegen Diffamierung entfernt.,https://www.google.com/maps/place/Braust%C3%BCbl+Hatz-Moninger/data=!4m7!3m6!1s0x479706c06b228a9b:0x14f27171ca7fd36a!8m2!3d49.00295!4d8.3559222!16s%2Fg%2F1hhn_1glc!19sChIJm4oia8AGl0cRatN_ynFx8hQ?authuser=0&hl=de&rclk=1
42,Medermis MVZ Karlsruhe GmbH,76131,,4.9,1107,11–20,11,20,15.5,1.38,4.846,11 bis 20 Bewertungen aufgrund von Beschwerden wegen Diffamierung entfernt.,https://www.google.com/maps/place/Medermis+MVZ+Karlsruhe+GmbH/data=!4m7!3m6!1s0x4797064feba24acb:0x6fd006103bbae6ec!8m2!3d49.0101726!4d8.3994429!16s%2Fg%2F1hhhml2wy!19sChIJy0qi608Gl0cR7Oa6OxAG0G8?authuser=0&hl=de&rclk=1
43,DOM - Grill Kitchen Bar,76131,,4.6,1016,11–20,11,20,15.5,1.5,4.546,11 bis 20 Bewertungen aufgrund von Beschwerden wegen Diffamierung entfernt.,https://www.google.com/maps/place/DOM+-+Grill+Kitchen+Bar/data=!4m7!3m6!1s0x47970650b9b6fdf7:0xdc8a7677d9531c55!8m2!3d49.0106437!4d8.3926857!16s%2Fg%2F11b6xbjr51!19sChIJ9_22uVAGl0cRVRxT2Xd2itw?authuser=0&hl=de&rclk=1
44,GuMo - Café | Bistro | Deli,76131,,4.6,710,11–20,11,20,15.5,2.14,4.523,11 bis 20 Bewertungen aufgrund von Beschwerden wegen Diffamierung entfernt.,https://www.google.com/maps/place/GuMo+-+Caf%C3%A9+%7C+Bistro+%7C+Deli/data=!4m7!3m6!1s0x479707e5ab64f1d9:0xe10107caa09d55d5!8m2!3d49.0080502!4d8.3972518!16s%2Fg%2F11m9v8by19!19sChIJ2fFkq-UHl0cR1VWdoMoHAeE?authuser=0&hl=de&rclk=1
45,Hotel am Tiergarten HBF Karlsruhe,76131,,4.2,618,11–20,11,20,15.5,2.45,4.122,11 bis 20 Bewertungen aufgrund von Beschwerden wegen Diffamierung entfernt.,https://www.google.com/maps/place/Hotel+am+Tiergarten+HBF+Karlsruhe/data=!4m10!3m9!1s0x4797066be783db25:0x43b0c6e0c34e425e!5m2!4m1!1i2!8m2!3d48.9949229!4d8.4002928!16s%2Fg%2F1tg77_9c!19sChIJJduD52sGl0cRXkJOw-DGsEM?authuser=0&hl=de&rclk=1
46,Pâtisserie Ludwig,76131,,4.8,468,11–20,11,20,15.5,3.21,4.678,11 bis 20 Bewertungen aufgrund von Beschwerden wegen Diffamierung entfernt.,https://www.google.com/maps/place/P%C3%A2tisserie+Ludwig/data=!4m7!3m6!1s0x4797065a13a7cbdb:0xfa46b93d959fe6c9!8m2!3d49.0083402!4d8.3978768!16s%2Fg%2F124yckbtg!19sChIJ28unE1oGl0cRyeaflT25Rvo?authuser=0&hl=de&rclk=1
47,Pâtisserie Ludwig,76131,,4.6,440,11–20,11,20,15.5,3.4,4.477,11 bis 20 Bewertungen aufgrund von Beschwerden wegen Diffamierung entfernt.,https://www.google.com/maps/place/P%C3%A2tisserie+Ludwig/data=!4m7!3m6!1s0x4797066bb1c6dedd:0x9e97ba368498638d!8m2!3d48.9954597!4d8.4022965!16s%2Fg%2F11fyzd2_qf!19sChIJ3d7GsWsGl0cRjWOYhDa6l54?authuser=0&hl=de&rclk=1
48,Deluxe Grillhaus,76131,,4.9,423,11–20,11,20,15.5,3.53,4.762,11 bis 20 Bewertungen aufgrund von Beschwerden wegen Diffamierung entfernt.,https://www.google.com/maps/place/Deluxe+Grillhaus/data=!4m7!3m6!1s0x479707297d8d09e5:0xebff76e27132132a!8m2!3d48.9972622!4d8.4104794!16s%2Fg%2F11k3hvpwlp!19sChIJ5QmNfSkHl0cRKhMyceJ2_-s?authuser=0&hl=de&rclk=1
49,American Sports Bar & Diner,76131,,4.8,326,11–20,11,20,15.5,4.54,4.628,11 bis 20 Bewertungen aufgrund von Beschwerden wegen Diffamierung entfernt.,https://www.google.com/maps/place/American+Sports+Bar+%26+Diner/data=!4m7!3m6!1s0x47970724a036bd85:0xaf4b953ed3ffe247!8m2!3d49.0121042!4d8.3582319!16s%2Fg%2F11h7krnlhm!19sChIJhb02oCQHl0cRR-L_0z6VS68?authuser=0&hl=de&rclk=1
50,Tonos 2,76131,,4.7,233,11–20,11,20,15.5,6.24,4.469,11 bis 20 Bewertungen aufgrund von Beschwerden wegen Diffamierung entfernt.,https://www.google.com/maps/place/Tonos+2/data=!4m7!3m6!1s0x479708eed8dc3c07:0x6f4401b201d44aef!8m2!3d48.9994487!4d8.4679355!16s%2Fg%2F1tk4q2ms!19sChIJBzzc2O4Il0cR70rUAbIBRG8?authuser=0&hl=de&rclk=1
51,Payidar,76131,,4.8,220,11–20,11,20,15.5,6.58,4.55,11 bis 20 Bewertungen aufgrund von Beschwerden wegen Diffamierung entfernt.,https://www.google.com/maps/place/Payidar/data=!4m7!3m6!1s0x4797074a037769a9:0x3d386fe064d7af7c!8m2!3d49.006474!4d8.4025833!16s%2Fg%2F11lwn7b1wd!19sChIJqWl3A0oHl0cRfK_XZOBvOD0?authuser=0&hl=de&rclk=1
52,mod's hair,76131,,4.7,163,11–20,11,20,15.5,8.68,4.379,11 bis 20 Bewertungen aufgrund von Beschwerden wegen Diffamierung entfernt.,https://www.google.com/maps/place/mod%27s+hair/data=!4m7!3m6!1s0x479706455190c63d:0x59780c099fbe2f3c!8m2!3d49.0084575!4d8.3980403!16s%2Fg%2F1xgz9r28!19sChIJPcaQUUUGl0cRPC--nwkMeFk?authuser=0&hl=de&rclk=1
53,el corazon - Der Feinkost-Laden,76131,,4.7,134,11–20,11,20,15.5,10.37,4.316,11 bis 20 Bewertungen aufgrund von Beschwerden wegen Diffamierung entfernt.,https://www.google.com/maps/place/el+corazon+-+Der+Feinkost-Laden/data=!4m7!3m6!1s0x4797064fdb040519:0x134d9561faec11f2!8m2!3d49.006822!4d8.392244!16s%2Fg%2F11b8sz7m8y!19sChIJGQUE208Gl0cR8hHs-mGVTRM?authuser=0&hl=de&rclk=1
54,Zahnklee Dr. medic. stom. Natalia Knul,76131,,4.7,92,11–20,11,20,15.5,14.42,4.167,11 bis 20 Bewertungen aufgrund von Beschwerden wegen Diffamierung entfernt.,https://www.google.com/maps/place/Zahnklee+Dr.+medic.+stom.+Natalia+Knul/data=!4m7!3m6!1s0x4797062ddf74b369:0xf4138af9bc5ca363!8m2!3d49.0119381!4d8.4259753!16s%2Fg%2F11cs1jzh3w!19sChIJabN03y0Gl0cRY6NcvPmKE_Q?authuser=0&hl=de&rclk=1
55,Dr. Ercüment Bakkal,76131,,4.6,81,11–20,11,20,15.5,16.06,4.022,11 bis 20 Bewertungen aufgrund von Beschwerden wegen Diffamierung entfernt.,https://www.google.com/maps/place/Dr.+Erc%C3%BCment+Bakkal/data=!4m7!3m6!1s0x479706ef5fb9a4a1:0x93321d7aab205647!8m2!3d49.0110221!4d8.367907!16s%2Fg%2F1vzv2mln!19sChIJoaS5X-8Gl0cRR1Ygq3odMpM?authuser=0&hl=de&rclk=1
56,e-training | Personal Training & Kampfsport,76131,,4.8,72,11–20,11,20,15.5,17.71,4.127,11 bis 20 Bewertungen aufgrund von Beschwerden wegen Diffamierung entfernt.,https://www.google.com/maps/place/e-training+%7C+Personal+Training+%26+Kampfsport/data=!4m7!3m6!1s0x4797071b9d0ec899:0x92a7f7c836a6d67!8m2!3d49.0192685!4d8.3526143!16s%2Fg%2F1tnjhj9r!19sChIJmcgOnRsHl0cRZ21qg3x_Kgk?authuser=0&hl=de&rclk=1
57,e-training Kampfsportschule Kickboxen,76131,,4.9,64,11–20,11,20,15.5,19.5,4.14,11 bis 20 Bewertungen aufgrund von Beschwerden wegen Diffamierung entfernt.,https://www.google.com/maps/place/e-training+Kampfsportschule+Kickboxen/data=!4m7!3m6!1s0x47970719e681a321:0x76e4d7fe1243a4ae!8m2!3d49.0317766!4d8.3715358!16s%2Fg%2F1q5btndww!19sChIJIaOB5hkHl0cRrqRDEv7X5HY?authuser=0&hl=de&rclk=1
58,Golden Style - Karlsruhe,76131,,4.7,52,11–20,11,20,15.5,22.96,3.85,11 bis 20 Bewertungen aufgrund von Beschwerden wegen Diffamierung entfernt.,https://www.google.com/maps/place/Golden+Style+-+Karlsruhe/data=!4m7!3m6!1s0x479707006ecb2447:0xe95b2c2f9af82856!8m2!3d49.0509404!4d8.3766162!16s%2Fg%2F11vspn5f5p!19sChIJRyTLbgAHl0cRVij4mi8sW-k?authuser=0&hl=de&rclk=1
59,Praxis Dr. med. Darius Umlas,76131,,4.7,35,11–20,11,20,15.5,30.69,3.564,11 bis 20 Bewertungen aufgrund von Beschwerden wegen Diffamierung entfernt.,"https://www.google.com/maps/place/Praxis+Dr.+med.+Darius+Umlas/@49.0095605,8.4007303,17z/data=!3m1!4b1!4m6!3m5!1s0x479706f6fd8011f1:0x6b2c3e896515f431!8m2!3d49.0095605!4d8.4007303!16s%2Fg%2F1td4j1n8?authuser=0&entry=ttu&g_ep=EgoyMDI2MDUyMC4wIKXMDSoASAFQAw%3D%3D&hl=de"
60,60 seconds to napoli Karlsruhe,76131,,4.6,6846,6–10,6,10,8,0.12,4.596,Sechs bis zehn Bewertungen aufgrund von Beschwerden wegen Diffamierung entfernt.,https://www.google.com/maps/place/60+seconds+to+napoli+Karlsruhe/data=!4m7!3m6!1s0x4797071788c34469:0x37ef174c71da373d!8m2!3d49.0109577!4d8.3953739!16s%2Fg%2F11y7fpzqqx!19sChIJaUTDiBcHl0cRPTfacUwX7zc?authuser=0&hl=de&rclk=1
61,Hotel Der Blaue Reiter GmbH & Co. KG,76131,,4.7,924,6–10,6,10,8,0.86,4.668,Sechs bis zehn Bewertungen aufgrund von Beschwerden wegen Diffamierung entfernt.,https://www.google.com/maps/place/Hotel+Der+Blaue+Reiter+GmbH+%26+Co.+KG/data=!4m10!3m9!1s0x479708e964ff730b:0x6e1f2e7f98817d56!5m2!4m1!1i2!8m2!3d48.9981094!4d8.4656236!16s%2Fg%2F1tks583x!19sChIJC3P_ZOkIl0cRVn2BmH8uH24?authuser=0&hl=de&rclk=1
62,SAMIS Restaurant,76131,,4.7,644,6–10,6,10,8,1.23,4.655,Sechs bis zehn Bewertungen aufgrund von Beschwerden wegen Diffamierung entfernt.,https://www.google.com/maps/place/SAMIS+Restaurant/data=!4m7!3m6!1s0x4797074bae2a510b:0x5cc45565b7d189d0!8m2!3d49.0102273!4d8.3926374!16s%2Fg%2F11gnj2l46t!19sChIJC1EqrksHl0cR0InRt2VVxFw?authuser=0&hl=de&rclk=1
63,Guts & Glory Bar Karlsruhe,76131,,4.6,508,6–10,6,10,8,1.55,4.544,Sechs bis zehn Bewertungen aufgrund von Beschwerden wegen Diffamierung entfernt.,https://www.google.com/maps/place/Guts+%26+Glory+Bar+Karlsruhe/data=!4m7!3m6!1s0x47970650b9b6fdf7:0x5dd1391c2ff88b0c!8m2!3d49.0104672!4d8.3926742!16s%2Fg%2F11cs1cvxln!19sChIJ9_22uVAGl0cRDIv4Lxw50V0?authuser=0&hl=de&rclk=1
64,café-mats,76131,,4.7,455,6–10,6,10,8,1.73,4.636,Sechs bis zehn Bewertungen aufgrund von Beschwerden wegen Diffamierung entfernt.,https://www.google.com/maps/place/caf%C3%A9-mats/data=!4m7!3m6!1s0x479707f3e433d207:0xceb02f3432d2f7d0!8m2!3d49.0088287!4d8.3898326!16s%2Fg%2F11fjw_42g8!19sChIJB9Iz5PMHl0cR0PfSMjQvsM4?authuser=0&hl=de&rclk=1
65,Karlsstuhl Barbershop,76131,,4.9,424,6–10,6,10,8,1.85,4.828,Sechs bis zehn Bewertungen aufgrund von Beschwerden wegen Diffamierung entfernt.,https://www.google.com/maps/place/Karlsstuhl+Barbershop/data=!4m7!3m6!1s0x4797064fdc023253:0x5b95acec2fc4dded!8m2!3d49.0105216!4d8.3986705!16s%2Fg%2F11b6s3d0h7!19sChIJUzIC3E8Gl0cR7d3EL-yslVs?authuser=0&hl=de&rclk=1
66,133 Boutique Hotel Karlsruhe,76131,,4.6,357,6–10,6,10,8,2.19,4.521,Sechs bis zehn Bewertungen aufgrund von Beschwerden wegen Diffamierung entfernt.,https://www.google.com/maps/place/133+Boutique+Hotel+Karlsruhe/data=!4m7!3m6!1s0x4797070760b015dd:0xb72f434779989a6e!8m2!3d49.0068468!4d8.3944675!16s%2Fg%2F11h7rh5gl2!19sChIJ3RWwYAcHl0cRbpqYeUdDL7c?authuser=0&hl=de&rclk=1
67,Rhein-Apotheke im Ärztehaus Mühlburg,76131,,4.7,298,6–10,6,10,8,2.61,4.603,Sechs bis zehn Bewertungen aufgrund von Beschwerden wegen Diffamierung entfernt.,https://www.google.com/maps/place/Rhein-Apotheke+im+%C3%84rztehaus+M%C3%BChlburg/data=!4m7!3m6!1s0x479706e80d95cc4b:0x3e369742518a737f!8m2!3d49.011135!4d8.361389!16s%2Fg%2F1tm11k9w!19sChIJS8yVDegGl0cRf3OKUUKXNj4?authuser=0&hl=de&rclk=1
68,ARENA BalkanBäckerei,76131,,4.8,242,6–10,6,10,8,3.2,4.678,Sechs bis zehn Bewertungen aufgrund von Beschwerden wegen Diffamierung entfernt.,https://www.google.com/maps/place/ARENA+BalkanB%C3%A4ckerei/data=!4m7!3m6!1s0x4797074e3edd1e57:0xdc0261da462413f5!8m2!3d49.0074326!4d8.3884749!16s%2Fg%2F11tcs71f9y!19sChIJVx7dPk4Hl0cR9RMkRtphAtw?authuser=0&hl=de&rclk=1
69,Design Hotel Winterrot,76131,,4.8,188,6–10,6,10,8,4.08,4.645,Sechs bis zehn Bewertungen aufgrund von Beschwerden wegen Diffamierung entfernt.,https://www.google.com/maps/place/Design+Hotel+Winterrot/data=!4m10!3m9!1s0x47970fb87a995ca5:0x2d47f944e3c9de90!5m2!4m1!1i2!8m2!3d48.9447757!4d8.4885279!16s%2Fg%2F11k5x9khy6!19sChIJpVyZergPl0cRkN7J40T5Ry0?authuser=0&hl=de&rclk=1
70,Ohana Shisha Lounge Bar,76131,,4.6,150,6–10,6,10,8,5.06,4.418,Sechs bis zehn Bewertungen aufgrund von Beschwerden wegen Diffamierung entfernt.,https://www.google.com/maps/place/Ohana+Shisha+Lounge+Bar/data=!4m7!3m6!1s0x4797075037d339a9:0x921f939d3a1ed550!8m2!3d49.0092707!4d8.3904173!16s%2Fg%2F11vf84vg0h!19sChIJqTnTN1AHl0cRUNUeOp2TH5I?authuser=0&hl=de&rclk=1
71,"GYM10 Fitness Karlsruhe Oststadt - Fitness ab 14,90 EUR/Monat",76131,,4.4,122,6–10,6,10,8,6.15,4.191,Sechs bis zehn Bewertungen aufgrund von Beschwerden wegen Diffamierung entfernt.,"https://www.google.com/maps/place/GYM10+Fitness+Karlsruhe+Oststadt+-+Fitness+ab+14,90+EUR%2FMonat/data=!4m7!3m6!1s0x4797099533647e3b:0xa9f53ffa7399ee72!8m2!3d49.0070359!4d8.4384286!16s%2Fg%2F11q4dmkk3r!19sChIJO35kM5UJl0cRcu6Zc_o_9ak?authuser=0&hl=de&rclk=1"
72,Soho Ramen Karlsruhe,76131,,4.4,119,6–10,6,10,8,6.3,4.186,Sechs bis zehn Bewertungen aufgrund von Beschwerden wegen Diffamierung entfernt.,https://www.google.com/maps/place/Soho+Ramen+Karlsruhe/data=!4m7!3m6!1s0x479707a558ae6c0b:0x4125a7cf402b71aa!8m2!3d49.0105177!4d8.3977989!16s%2Fg%2F11kjlv7lmq!19sChIJC2yuWKUHl0cRqnErQM-nJUE?authuser=0&hl=de&rclk=1
73,Break and Lunch,76131,,4.8,117,6–10,6,10,8,6.4,4.557,Sechs bis zehn Bewertungen aufgrund von Beschwerden wegen Diffamierung entfernt.,https://www.google.com/maps/place/Break+and+Lunch/data=!4m7!3m6!1s0x4797086418464985:0x99e209dca31e5b25!8m2!3d49.0205098!4d8.4595953!16s%2Fg%2F1tgnqlxx!19sChIJhUlGGGQIl0cRJVseo9wJ4pk?authuser=0&hl=de&rclk=1
74,Milano Pizzeria,76131,,4.9,114,6–10,6,10,8,6.56,4.644,Sechs bis zehn Bewertungen aufgrund von Beschwerden wegen Diffamierung entfernt.,https://www.google.com/maps/place/Milano+Pizzeria/data=!4m7!3m6!1s0x479707a25afde727:0x595a9f769752c4bd!8m2!3d49.0172671!4d8.3665844!16s%2Fg%2F11yg7q53kz!19sChIJJ-f9WqIHl0cRvcRSl3afWlk?authuser=0&hl=de&rclk=1
75,MedizInKarlsruhe.de - Allgemeine & Innere Medizin,76131,,3.7,105,6–10,6,10,8,7.08,3.509,Sechs bis zehn Bewertungen aufgrund von Beschwerden wegen Diffamierung entfernt.,https://www.google.com/maps/place/MedizInKarlsruhe.de+-+Allgemeine+%26+Innere+Medizin/data=!4m7!3m6!1s0x479708811a95f487:0xe026685d2136e63c!8m2!3d49.0112078!4d8.437561!16s%2Fg%2F11c6rj179f!19sChIJh_SVGoEIl0cRPOY2IV1oJuA?authuser=0&hl=de&rclk=1
76,Tydora Hair - Friseursalon,76131,,4.9,98,6–10,6,10,8,7.55,4.606,Sechs bis zehn Bewertungen aufgrund von Beschwerden wegen Diffamierung entfernt.,https://www.google.com/maps/place/Tydora+Hair+-+Friseursalon/data=!4m7!3m6!1s0x4797073f4534e105:0xb5e9b87a30b8dbfe!8m2!3d49.003405!4d8.3888413!16s%2Fg%2F11rcxskl_6!19sChIJBeE0RT8Hl0cR_tu4MHq46bU?authuser=0&hl=de&rclk=1
77,Dr. Werner & Kollegen | Zahnärzte am Mendelssohnplatz,76131,,4.2,80,6–10,6,10,8,9.09,3.909,Sechs bis zehn Bewertungen aufgrund von Beschwerden wegen Diffamierung entfernt.,https://www.google.com/maps/place/Dr.+Werner+%26+Kollegen+%7C+Zahn%C3%A4rzte+am+Mendelssohnplatz/data=!4m7!3m6!1s0x4797063885e9604d:0x305995f09f0b4556!8m2!3d49.005018!4d8.4100395!16s%2Fg%2F1tdl0hw0!19sChIJTWDphTgGl0cRVkULn_CVWTA?authuser=0&hl=de&rclk=1
78,MedizInKarlsruhe.de - Praxis Oststadt,76131,,4,73,6–10,6,10,8,9.88,3.704,Sechs bis zehn Bewertungen aufgrund von Beschwerden wegen Diffamierung entfernt.,https://www.google.com/maps/place/MedizInKarlsruhe.de+-+Praxis+Oststadt/data=!4m7!3m6!1s0x479707c0a98fc60d:0xe0b3f394f834792c!8m2!3d49.0132201!4d8.4293032!16s%2Fg%2F11j0yv0f35!19sChIJDcaPqcAHl0cRLHk0-JTzs-A?authuser=0&hl=de&rclk=1
79,Nohzat A.A. Urologische Praxis,76131,,3.4,57,6–10,6,10,8,12.31,3.105,Sechs bis zehn Bewertungen aufgrund von Beschwerden wegen Diffamierung entfernt.,https://www.google.com/maps/place/Nohzat+A.A.+Urologische+Praxis/data=!4m7!3m6!1s0x479706689d5b43ef:0xd9286b6b60f2ae29!8m2!3d48.9959!4d8.39384!16s%2Fg%2F1thn4g7c!19sChIJ70NbnWgGl0cRKa7yYGtrKNk?authuser=0&hl=de&rclk=1
80,Pension am Entenfang,76131,,4.5,56,6–10,6,10,8,12.5,4.063,Sechs bis zehn Bewertungen aufgrund von Beschwerden wegen Diffamierung entfernt.,https://www.google.com/maps/place/Pension+am+Entenfang/data=!4m10!3m9!1s0x479706c2b1f158a3:0xb119bffc89dda18!5m2!4m1!1i2!8m2!3d49.0112928!4d8.3595509!16s%2Fg%2F1hc3sgcpc!19sChIJo1jxscIGl0cRGNqdyP-bEQs?authuser=0&hl=de&rclk=1
81,Zahnarzt Maythem Al Fartousi M.Sc,76131,,4.6,28,6–10,6,10,8,22.22,3.8,Sechs bis zehn Bewertungen aufgrund von Beschwerden wegen Diffamierung entfernt.,https://www.google.com/maps/place/Zahnarzt+Maythem+Al+Fartousi+M.Sc/data=!4m7!3m6!1s0x479707df8020aebf:0x5faf867379469083!8m2!3d49.0308853!4d8.3663468!16s%2Fg%2F11k4ysd3qq!19sChIJv64ggN8Hl0cRg5BGeXOGr18?authuser=0&hl=de&rclk=1
82,MVZ Gemeinschaftspraxis Eckert,76131,,4.5,15,6–10,6,10,8,34.78,3.283,Sechs bis zehn Bewertungen aufgrund von Beschwerden wegen Diffamierung entfernt.,https://www.google.com/maps/place/MVZ+Gemeinschaftspraxis+Eckert/data=!4m7!3m6!1s0x4797062e310c8f1f:0x4f76900d0bc822f!8m2!3d49.0100458!4d8.4245986!16s%2Fg%2F1tl8jnh4!19sChIJH48MMS4Gl0cRL4K80ABp9wQ?authuser=0&hl=de&rclk=1
83,REWE Siegbert Ponzer,76131,,4,975,2–5,2,5,3.5,0.36,3.989,Zwei bis fünf Bewertungen aufgrund von Beschwerden wegen Diffamierung entfernt.,https://www.google.com/maps/place/REWE+Siegbert+Ponzer/data=!4m7!3m6!1s0x479707794555ffbb:0x679e68844fa3f37!8m2!3d49.0539182!4d8.3924626!16s%2Fg%2F1v_z38k4!19sChIJu_9VRXkHl0cRNz_6RIjmeQY?authuser=0&hl=de&rclk=1
84,Zahnarzt Karlsruhe - Dental21,76131,,4.8,836,2–5,2,5,3.5,0.42,4.784,Zwei bis fünf Bewertungen aufgrund von Beschwerden wegen Diffamierung entfernt.,https://www.google.com/maps/place/Zahnarzt+Karlsruhe+-+Dental21/data=!4m7!3m6!1s0x47970648ae5fd729:0x7dff423c99a5318c!8m2!3d49.0086618!4d8.3975495!16s%2Fg%2F1trcfc8_!19sChIJKddfrkgGl0cRjDGlmTxC_30?authuser=0&hl=de&rclk=1
85,Eleven Kebab,76131,,4.9,570,2–5,2,5,3.5,0.61,4.876,Zwei bis fünf Bewertungen aufgrund von Beschwerden wegen Diffamierung entfernt.,https://www.google.com/maps/place/Eleven+Kebab/data=!4m7!3m6!1s0x4797079fe58b2775:0xafb0c046f081f8e3!8m2!3d49.0094788!4d8.4090467!16s%2Fg%2F11rzgz7113!19sChIJdSeL5Z8Hl0cR4_iB8EbAsK8?authuser=0&hl=de&rclk=1
86,Balkan Bäckerei,76131,,4.7,400,2–5,2,5,3.5,0.87,4.668,Zwei bis fünf Bewertungen aufgrund von Beschwerden wegen Diffamierung entfernt.,https://www.google.com/maps/place/Balkan+B%C3%A4ckerei/data=!4m7!3m6!1s0x47970722e728ed59:0x3fb6d4c0c4dd3ae8!8m2!3d49.0057075!4d8.3719566!16s%2Fg%2F11rptwxlgt!19sChIJWe0o5yIHl0cR6DrdxMDUtj8?authuser=0&hl=de&rclk=1
87,MVZ Radiologie Karlsruhe,76131,,4.5,355,2–5,2,5,3.5,0.98,4.466,Zwei bis fünf Bewertungen aufgrund von Beschwerden wegen Diffamierung entfernt.,https://www.google.com/maps/place/MVZ+Radiologie+Karlsruhe/data=!4m7!3m6!1s0x47970667f6296509:0x24de5b0367975df3!8m2!3d48.9990618!4d8.393694!16s%2Fg%2F1vpfhh8p!19sChIJCWUp9mcGl0cR812XZwNb3iQ?authuser=0&hl=de&rclk=1
88,"GYM10 Karlsruhe Innenstadt - Fitness ab 14,90 EUR/Monat",76131,,4.3,314,2–5,2,5,3.5,1.1,4.264,Zwei bis fünf Bewertungen aufgrund von Beschwerden wegen Diffamierung entfernt.,"https://www.google.com/maps/place/GYM10+Karlsruhe+Innenstadt+-+Fitness+ab+14,90+EUR%2FMonat/data=!4m7!3m6!1s0x47970780af8173ef:0x9f6b438cf35c9a1c!8m2!3d49.0108129!4d8.3976028!16s%2Fg%2F11gsmmw62m!19sChIJ73OBr4AHl0cRHJpc84xDa58?authuser=0&hl=de&rclk=1"
89,hairfree Lounge Karlsruhe - Haarentfernung mit reinem Licht,76131,,4.9,284,2–5,2,5,3.5,1.22,4.853,Zwei bis fünf Bewertungen aufgrund von Beschwerden wegen Diffamierung entfernt.,https://www.google.com/maps/place/hairfree+Lounge+Karlsruhe+-+Haarentfernung+mit+reinem+Licht/data=!4m7!3m6!1s0x479706e87e5ff8c5:0x3913a159fe082e20!8m2!3d49.0112553!4d8.3630802!16s%2Fg%2F1tkv8q9f!19sChIJxfhffugGl0cRIC4I_lmhEzk?authuser=0&hl=de&rclk=1
90,Gazebo,76131,,4.8,229,2–5,2,5,3.5,1.51,4.743,Zwei bis fünf Bewertungen aufgrund von Beschwerden wegen Diffamierung entfernt.,https://www.google.com/maps/place/Gazebo/data=!4m7!3m6!1s0x479707f4c1db8c23:0x6ea3b41cfab3b7d9!8m2!3d49.0086262!4d8.4235955!16s%2Fg%2F11y5dzhd3w!19sChIJI4zbwfQHl0cR2bez-hy0o24?authuser=0&hl=de&rclk=1
91,Friseur Alex Karlsruhe,76131,,4.9,221,2–5,2,5,3.5,1.56,4.839,Zwei bis fünf Bewertungen aufgrund von Beschwerden wegen Diffamierung entfernt.,https://www.google.com/maps/place/Friseur+Alex+Karlsruhe/data=!4m7!3m6!1s0x479af7a2e2ce3965:0xd66a5bff4fa30e64!8m2!3d49.0082685!4d8.427536!16s%2Fg%2F1wl4pkz5!19sChIJZTnO4qL3mkcRZA6jT_9batY?authuser=0&hl=de&rclk=1
92,Schneidewerk,76131,,4.9,187,2–5,2,5,3.5,1.84,4.828,Zwei bis fünf Bewertungen aufgrund von Beschwerden wegen Diffamierung entfernt.,https://www.google.com/maps/place/Schneidewerk/data=!4m7!3m6!1s0x47970704135a39e1:0xec971316a5a25aa6!8m2!3d49.011487!4d8.4261266!16s%2Fg%2F11fklbsgmd!19sChIJ4TlaEwQHl0cRplqipRYTl-w?authuser=0&hl=de&rclk=1
93,Eisbär Apotheke Durlach,76131,,4.8,181,2–5,2,5,3.5,1.9,4.728,Zwei bis fünf Bewertungen aufgrund von Beschwerden wegen Diffamierung entfernt.,https://www.google.com/maps/place/Eisb%C3%A4r+Apotheke+Durlach/data=!4m7!3m6!1s0x479708ebe24a633b:0xdf41bcf7947b1f36!8m2!3d48.998239!4d8.4636737!16s%2Fg%2F1vjdn_tt!19sChIJO2NK4usIl0cRNh97lPe8Qd8?authuser=0&hl=de&rclk=1
94,Friseur „Coiffeur“ im Scheck-In Center,76131,,4.9,159,2–5,2,5,3.5,2.15,4.816,Zwei bis fünf Bewertungen aufgrund von Beschwerden wegen Diffamierung entfernt.,https://www.google.com/maps/place/Friseur+%E2%80%9ECoiffeur%E2%80%9C+im+Scheck-In+Center/data=!4m7!3m6!1s0x47970788fd41f3e3:0x66e1f3bc332c8d09!8m2!3d49.0055548!4d8.4108199!16s%2Fg%2F11snytgl7v!19sChIJ4_NB_YgHl0cRCY0sM7zz4WY?authuser=0&hl=de&rclk=1
95,MVZ Hautzentrum Karlsruhe,76131,,4.5,157,2–5,2,5,3.5,2.18,4.424,Zwei bis fünf Bewertungen aufgrund von Beschwerden wegen Diffamierung entfernt.,https://www.google.com/maps/place/MVZ+Hautzentrum+Karlsruhe/data=!4m7!3m6!1s0x47970650ad4ee135:0xed98e7d66355f303!8m2!3d49.010031!4d8.3915692!16s%2Fg%2F12q4y7q_m!19sChIJNeFOrVAGl0cRA_NVY9bnmO0?authuser=0&hl=de&rclk=1
96,Karlsstuhl Barbershop 2.0,76131,,4.9,149,2–5,2,5,3.5,2.3,4.81,Zwei bis fünf Bewertungen aufgrund von Beschwerden wegen Diffamierung entfernt.,https://www.google.com/maps/place/Karlsstuhl+Barbershop+2.0/data=!4m7!3m6!1s0x4797064fd06a1481:0xf6678485ca9bf877!8m2!3d49.0108979!4d8.3989437!16s%2Fg%2F11vm2_64wf!19sChIJgRRq0E8Gl0cRd_ibyoWEZ_Y?authuser=0&hl=de&rclk=1
97,Praxis Lieblingszahn - Dr. Luana Stogl,76131,,4.8,104,2–5,2,5,3.5,3.26,4.676,Zwei bis fünf Bewertungen aufgrund von Beschwerden wegen Diffamierung entfernt.,https://www.google.com/maps/place/Praxis+Lieblingszahn+-+Dr.+Luana+Stogl/data=!4m7!3m6!1s0x4797080d2eeff20b:0x31df17edc04fb5cf!8m2!3d49.0356346!4d8.4543443!16s%2Fg%2F1tdq9jdz!19sChIJC_LvLg0Il0cRz7VPwO0X3zE?authuser=0&hl=de&rclk=1
98,Chirurgie im Musikerviertel I Dr. Westenberger Karlsruhe,76131,,3.7,87,2–5,2,5,3.5,3.87,3.596,Zwei bis fünf Bewertungen aufgrund von Beschwerden wegen Diffamierung entfernt.,https://www.google.com/maps/place/Chirurgie+im+Musikerviertel+I+Dr.+Westenberger+Karlsruhe/data=!4m7!3m6!1s0x479706fae04c0f35:0xb71e424e768ab4c7!8m2!3d49.0127819!4d8.3751714!16s%2Fg%2F1v8x13s6!19sChIJNQ9M4PoGl0cRx7SKdk5CHrc?authuser=0&hl=de&rclk=1
99,Zahnarzt Praxis Dr. Martin Hammer & Kollegen,76131,,4.8,84,2–5,2,5,3.5,4,4.648,Zwei bis fünf Bewertungen aufgrund von Beschwerden wegen Diffamierung entfernt.,https://www.google.com/maps/place/Zahnarzt+Praxis+Dr.+Martin+Hammer+%26+Kollegen/data=!4m7!3m6!1s0x479706483d3bc17f:0xa7d68d58a0404ccc!8m2!3d49.0086543!4d8.4081819!16s%2Fg%2F1tzghl57!19sChIJf8E7PUgGl0cRzExAoFiN1qc?authuser=0&hl=de&rclk=1
100,Zahnarztpraxis Dr. Yusuf Mavi,76131,,4.6,82,2–5,2,5,3.5,4.09,4.453,Zwei bis fünf Bewertungen aufgrund von Beschwerden wegen Diffamierung entfernt.,https://www.google.com/maps/place/Zahnarztpraxis+Dr.+Yusuf+Mavi/data=!4m7!3m6!1s0x479707766edc724b:0x3e1ee9c573c823e5!8m2!3d49.0459559!4d8.3930547!16s%2Fg%2F1tppqxq7!19sChIJS3LcbnYHl0cR5SPIc8XpHj4?authuser=0&hl=de&rclk=1
101,Andre Schwarz & Friseure,76131,,4.8,75,2–5,2,5,3.5,4.46,4.631,Zwei bis fünf Bewertungen aufgrund von Beschwerden wegen Diffamierung entfernt.,https://www.google.com/maps/place/Andre+Schwarz+%26+Friseure/data=!4m7!3m6!1s0x479706693a39c7a3:0xc0ce7ce417c3f9a3!8m2!3d48.994514!4d8.397499!16s%2Fg%2F1tgm1t7w!19sChIJo8c5OmkGl0cRo_nDF-R8zsA?authuser=0&hl=de&rclk=1
102,Zahnarztpraxis Dr. Hell,76131,,4.8,71,2–5,2,5,3.5,4.7,4.621,Zwei bis fünf Bewertungen aufgrund von Beschwerden wegen Diffamierung entfernt.,https://www.google.com/maps/place/Zahnarztpraxis+Dr.+Hell/data=!4m7!3m6!1s0x479708ec04e20d05:0x4aaab585bbbea0e!8m2!3d48.9995629!4d8.4644184!16s%2Fg%2F11gh2qk63s!19sChIJBQ3iBOwIl0cRDuq7W1irqgQ?authuser=0&hl=de&rclk=1
103,"Ost Apotheke, Julia Legner-Siegwart",76131,,4.8,69,2–5,2,5,3.5,4.83,4.617,Zwei bis fünf Bewertungen aufgrund von Beschwerden wegen Diffamierung entfernt.,"https://www.google.com/maps/place/Ost+Apotheke,+Julia+Legner-Siegwart/data=!4m7!3m6!1s0x4797077ec663ff8f:0x96b2bbc0a907c3b4!8m2!3d49.0102302!4d8.4245375!16s%2Fg%2F1tj1r05p!19sChIJj_9jxn4Hl0cRtMMHqcC7spY?authuser=0&hl=de&rclk=1"
104,"Sellert A. Dr.med.dent., Smaragdis D. Dr.med.dent.",76131,,4.9,68,2–5,2,5,3.5,4.9,4.709,Zwei bis fünf Bewertungen aufgrund von Beschwerden wegen Diffamierung entfernt.,"https://www.google.com/maps/place/Sellert+A.+Dr.med.dent.,+Smaragdis+D.+Dr.med.dent./data=!4m7!3m6!1s0x47970650bdcebc35:0xc6827f04e56fac54!8m2!3d49.0102064!4d8.3932086!16s%2Fg%2F1tjgnjvp!19sChIJNbzOvVAGl0cRVKxv5QR_gsY?authuser=0&hl=de&rclk=1"
105,KAFFEE&BROT,76131,,4.5,63,2–5,2,5,3.5,5.26,4.316,Zwei bis fünf Bewertungen aufgrund von Beschwerden wegen Diffamierung entfernt.,https://www.google.com/maps/place/KAFFEE%26BROT/data=!4m7!3m6!1s0x47970708b111dc23:0xe22fa9c81469b4d0!8m2!3d49.0102824!4d8.3835589!16s%2Fg%2F11wv6t340p!19sChIJI9wRsQgHl0cR0LRpFMipL-I?authuser=0&hl=de&rclk=1
106,"GYM10 Fitness Karlsruhe Neureut - Fitness ab 14,90 EUR/Monat",76131,,4.3,55,2–5,2,5,3.5,5.98,4.103,Zwei bis fünf Bewertungen aufgrund von Beschwerden wegen Diffamierung entfernt.,"https://www.google.com/maps/place/GYM10+Fitness+Karlsruhe+Neureut+-+Fitness+ab+14,90+EUR%2FMonat/data=!4m7!3m6!1s0x479707c35bece09b:0x3cfa87594a90af2b!8m2!3d49.0443094!4d8.39128!16s%2Fg%2F11v6b_lq9r!19sChIJm-DsW8MHl0cRK6-QSlmH-jw?authuser=0&hl=de&rclk=1"
107,manufaktur z Zahnarztpraxis Dr. Thom und Dr. Konstantinova,76131,,4.8,55,2–5,2,5,3.5,5.98,4.573,Zwei bis fünf Bewertungen aufgrund von Beschwerden wegen Diffamierung entfernt.,https://www.google.com/maps/place/manufaktur+z+Zahnarztpraxis+Dr.+Thom+und+Dr.+Konstantinova/data=!4m7!3m6!1s0x47970644ed8ec0c3:0xb98a940aacb4803f!8m2!3d49.0051122!4d8.3987657!16s%2Fg%2F1txfn2lz!19sChIJw8CO7UQGl0cRP4C0rAqUirk?authuser=0&hl=de&rclk=1
108,zahn zentrum. Raumfabrik - Dr. Dominik Spelmanns & Kollegen,76131,,4.9,48,2–5,2,5,3.5,6.8,4.635,Zwei bis fünf Bewertungen aufgrund von Beschwerden wegen Diffamierung entfernt.,https://www.google.com/maps/place/zahn+zentrum.+Raumfabrik+-+Dr.+Dominik+Spelmanns+%26+Kollegen/data=!4m7!3m6!1s0x479708e40ddd8227:0x62cb9d1887e15bf5!8m2!3d48.9981472!4d8.4639118!16s%2Fg%2F1vtqv0zn!19sChIJJ4LdDeQIl0cR9Vvhhxidy2I?authuser=0&hl=de&rclk=1
109,PraeCura Zahnärzte,76131,,4.7,47,2–5,2,5,3.5,6.93,4.444,Zwei bis fünf Bewertungen aufgrund von Beschwerden wegen Diffamierung entfernt.,https://www.google.com/maps/place/PraeCura+Zahn%C3%A4rzte/data=!4m7!3m6!1s0x47971f467007f103:0xb1c43ef5e3a8848c!8m2!3d48.762183!4d8.241639!16s%2Fg%2F11t5x2sgxq!19sChIJA_EHcEYfl0cRjISo4_U-xLE?authuser=0&hl=de&rclk=1
110,Anglerverein Karlsruhe e.V.,76131,,4.6,44,2–5,2,5,3.5,7.37,4.335,Zwei bis fünf Bewertungen aufgrund von Beschwerden wegen Diffamierung entfernt.,https://www.google.com/maps/place/Anglerverein+Karlsruhe+e.V./data=!4m7!3m6!1s0x479706ef661cae31:0x82508e7c106335e7!8m2!3d49.0314607!4d8.3421517!16s%2Fg%2F1td647pt!19sChIJMa4cZu8Gl0cR5zVjEHyOUII?authuser=0&hl=de&rclk=1
111,Zahnarztpraxis Dr. Johannes Lang,76131,,4.9,38,2–5,2,5,3.5,8.43,4.571,Zwei bis fünf Bewertungen aufgrund von Beschwerden wegen Diffamierung entfernt.,https://www.google.com/maps/place/Zahnarztpraxis+Dr.+Johannes+Lang/data=!4m7!3m6!1s0x4797071790fda047:0x4a4a5b8e0e99957c!8m2!3d49.0322038!4d8.3685975!16s%2Fg%2F11c586nf6q!19sChIJR6D9kBcHl0cRfJWZDo5bSko?authuser=0&hl=de&rclk=1
112,MedizInKarlsruhe.de - Praxis Weststadt,76131,,3.7,37,2–5,2,5,3.5,8.64,3.467,Zwei bis fünf Bewertungen aufgrund von Beschwerden wegen Diffamierung entfernt.,https://www.google.com/maps/place/MedizInKarlsruhe.de+-+Praxis+Weststadt/data=!4m7!3m6!1s0x47970714da22c221:0xc44dd5b7126e44d1!8m2!3d49.0126849!4d8.3913741!16s%2Fg%2F11llyjtkvy!19sChIJIcIi2hQHl0cR0URuErfVTcQ?authuser=0&hl=de&rclk=1
113,SEEGER Living Comfort Downtown - Serviced Apartments,76131,,4.6,32,2–5,2,5,3.5,9.86,4.245,Zwei bis fünf Bewertungen aufgrund von Beschwerden wegen Diffamierung entfernt.,https://www.google.com/maps/place/SEEGER+Living+Comfort+Downtown+-+Serviced+Apartments/data=!4m10!3m9!1s0x4797065b1ab9b72f:0x64c61c21d0667147!5m2!4m1!1i2!8m2!3d49.0062424!4d8.3944313!16s%2Fg%2F113htkbf5!19sChIJL7e5GlsGl0cRR3Fm0CEcxmQ?authuser=0&hl=de&rclk=1
114,Neurologische Praxis Dr. Michael H. Stienen,76131,,4.5,31,2–5,2,5,3.5,10.14,4.145,Zwei bis fünf Bewertungen aufgrund von Beschwerden wegen Diffamierung entfernt.,https://www.google.com/maps/place/Neurologische+Praxis+Dr.+Michael+H.+Stienen/data=!4m7!3m6!1s0x479706e48651c2f1:0xf21ebe0ea639ef9c!8m2!3d49.0109983!4d8.3913191!16s%2Fg%2F11fzfbbk32!19sChIJ8cJRhuQGl0cRnO85pg6-HvI?authuser=0&hl=de&rclk=1
115,Zahnarztpraxis M. Calugareanu,76131,,4.8,31,2–5,2,5,3.5,10.14,4.414,Zwei bis fünf Bewertungen aufgrund von Beschwerden wegen Diffamierung entfernt.,https://www.google.com/maps/place/Zahnarztpraxis+M.+Calugareanu/data=!4m7!3m6!1s0x479708c233c34acf:0xd7ec9320d25ed98f!8m2!3d48.991768!4d8.4636837!16s%2Fg%2F1v6p7t7j!19sChIJz0rDM8IIl0cRj9le0iCT7Nc?authuser=0&hl=de&rclk=1
116,Zahnärztliche Gemeinschaftspraxis Dr. med. dent. Gnädig & Dr. med. dent. Macke,76131,,4.8,29,2–5,2,5,3.5,10.77,4.391,Zwei bis fünf Bewertungen aufgrund von Beschwerden wegen Diffamierung entfernt.,https://www.google.com/maps/place/Zahn%C3%A4rztliche+Gemeinschaftspraxis+Dr.+med.+dent.+Gn%C3%A4dig+%26+Dr.+med.+dent.+Macke/data=!4m7!3m6!1s0x479707e75ba3a9bf:0xbc8eab11d7fb8a2a!8m2!3d49.0383294!4d8.436819!16s%2Fg%2F1tlmm88t!19sChIJv6mjW-cHl0cRKor71xGrjrw?authuser=0&hl=de&rclk=1
117,SEEGER Living Premium West - Serviced Apartments,76131,,4.6,10,2–5,2,5,3.5,25.93,3.667,Zwei bis fünf Bewertungen aufgrund von Beschwerden wegen Diffamierung entfernt.,https://www.google.com/maps/place/SEEGER+Living+Premium+West+-+Serviced+Apartments/data=!4m10!3m9!1s0x4797072921085987:0xfb06a6fc75cce0c2!5m2!4m1!1i2!8m2!3d49.0157854!4d8.364925!16s%2Fg%2F11h249r81h!19sChIJh1kIISkHl0cRwuDMdfymBvs?authuser=0&hl=de&rclk=1
118,"Herr Christian Hauf, M.Sc.",76131,,5,5,2–5,2,5,3.5,41.18,3.353,Zwei bis fünf Bewertungen aufgrund von Beschwerden wegen Diffamierung entfernt.,"https://www.google.com/maps/place/Herr+Christian+Hauf,+M.Sc./data=!4m7!3m6!1s0x4797090be5348563:0xcd986a154bdd1d21!8m2!3d49.0132866!4d8.429633!16s%2Fg%2F11hz6mq0rj!19sChIJY4U05QsJl0cRIR3dSxVqmM0?authuser=0&hl=de&rclk=1"
119,Carls Wirtshaus Karlsruhe,76131,,4.4,2314,1,1,1,1,0.04,4.399,Eine Bewertung aufgrund einer Beschwerde wegen Diffamierung entfernt.,https://www.google.com/maps/place/Carls+Wirtshaus+Karlsruhe/data=!4m7!3m6!1s0x47970626339223a3:0x9711828a33c5c6bb!8m2!3d49.0055065!4d8.4315888!16s%2Fg%2F11bvv4_h5h!19sChIJoyOSMyYGl0cRu8bFM4qCEZc?authuser=0&hl=de&rclk=1
120,REWE Siegbert Ponzer,76131,,3.8,887,1,1,1,1,0.11,3.797,Eine Bewertung aufgrund einer Beschwerde wegen Diffamierung entfernt.,https://www.google.com/maps/place/REWE+Siegbert+Ponzer/data=!4m7!3m6!1s0x479706586e548ba9:0x6cb1f12f04624ff!8m2!3d49.008506!4d8.3859199!16s%2Fg%2F1th5hd85!19sChIJqYtUblgGl0cR_yRG8BIfywY?authuser=0&hl=de&rclk=1
121,Hotel Maurer,76131,,4,449,1,1,1,1,0.22,3.993,Eine Bewertung aufgrund einer Beschwerde wegen Diffamierung entfernt.,https://www.google.com/maps/place/Hotel+Maurer/data=!4m10!3m9!1s0x4797076bace676c7:0xb8de6619958a9454!5m2!4m1!1i2!8m2!3d49.0443714!4d8.3727591!16s%2Fg%2F1tm67wdf!19sChIJx3bmrGsHl0cRVJSKlRlm3rg?authuser=0&hl=de&rclk=1
122,B17 - Restaurant | Bar | Lounge,76131,,4.9,251,1,1,1,1,0.4,4.885,Eine Bewertung aufgrund einer Beschwerde wegen Diffamierung entfernt.,https://www.google.com/maps/place/B17+-+Restaurant+%7C+Bar+%7C+Lounge/data=!4m7!3m6!1s0x4797076673669bcd:0xefcbc6f6fa47eed9!8m2!3d49.008176!4d8.3966746!16s%2Fg%2F11fk3xfd4m!19sChIJzZtmc2YHl0cR2e5H-vbGy-8?authuser=0&hl=de&rclk=1
123,SNAP-FIT! Karlstraße,76131,,4.3,245,1,1,1,1,0.41,4.287,Eine Bewertung aufgrund einer Beschwerde wegen Diffamierung entfernt.,https://www.google.com/maps/place/SNAP-FIT!+Karlstra%C3%9Fe/data=!4m7!3m6!1s0x4797065d25fdd609:0x76ae0537cada7c61!8m2!3d49.0014591!4d8.3946548!16s%2Fg%2F1td70yr8!19sChIJCdb9JV0Gl0cRYXzayjcFrnY?authuser=0&hl=de&rclk=1
124,Restaurant Stilbruch,76131,,4.8,183,1,1,1,1,0.54,4.779,Eine Bewertung aufgrund einer Beschwerde wegen Diffamierung entfernt.,https://www.google.com/maps/place/Restaurant+Stilbruch/data=!4m7!3m6!1s0x479707ac1ed58a1d:0xd15dce1ea7fb92b9!8m2!3d49.0065359!4d8.3815609!16s%2Fg%2F11jbc7qy0g!19sChIJHYrVHqwHl0cRuZL7px7OXdE?authuser=0&hl=de&rclk=1
125,Akademie für Zahnärztliche Fortbildung,76131,,4.2,138,1,1,1,1,0.72,4.177,Eine Bewertung aufgrund einer Beschwerde wegen Diffamierung entfernt.,https://www.google.com/maps/place/Akademie+f%C3%BCr+Zahn%C3%A4rztliche+Fortbildung/data=!4m7!3m6!1s0x410b91fc85f768ab:0xe39a137f62ef2c47!8m2!3d49.0035397!4d8.383549!16s%2Fg%2F11b6d21ry4!19sChIJq2j3hfyRC0ERRyzvYn8TmuM?authuser=0&hl=de&rclk=1
126,Pink Elefant - Thai Restaurant & Asia Shop,76131,,4.9,91,1,1,1,1,1.09,4.858,Eine Bewertung aufgrund einer Beschwerde wegen Diffamierung entfernt.,https://www.google.com/maps/place/Pink+Elefant+-+Thai+Restaurant+%26+Asia+Shop/data=!4m7!3m6!1s0x479708eebda21c2d:0x60d957e638eae668!8m2!3d48.9976482!4d8.4774729!16s%2Fg%2F11b7q9yd3n!19sChIJLRyive4Il0cRaObqOOZX2WA?authuser=0&hl=de&rclk=1
127,die Zahnärzte Karlsruhe | Hofmann & Dawood,76131,,4.9,90,1,1,1,1,1.1,4.857,Eine Bewertung aufgrund einer Beschwerde wegen Diffamierung entfernt.,https://www.google.com/maps/place/die+Zahn%C3%A4rzte+Karlsruhe+%7C+Hofmann+%26+Dawood/data=!4m7!3m6!1s0x479708e71afee227:0xf6fa5fbe07d8e95c!8m2!3d48.9952472!4d8.4742682!16s%2Fg%2F1tg5s_jw!19sChIJJ-L-GucIl0cRXOnYB75f-vY?authuser=0&hl=de&rclk=1
128,"Dr. Georg Friesen, ZÄ Caroline Friesen-Vales, Dr. Felix Vales",76131,,4.9,72,1,1,1,1,1.37,4.847,Eine Bewertung aufgrund einer Beschwerde wegen Diffamierung entfernt.,"https://www.google.com/maps/place/Dr.+Georg+Friesen,+Z%C3%84+Caroline+Friesen-Vales,+Dr.+Felix+Vales/data=!4m7!3m6!1s0x4797087a77a25661:0xe83f2adb4e322e5c!8m2!3d49.0250422!4d8.4501181!16s%2Fg%2F1vn17gpw!19sChIJYVaid3oIl0cRXC4yTtsqP-g?authuser=0&hl=de&rclk=1"
129,Dr. Dr. Thomas Thein,76131,,4.6,43,1,1,1,1,2.27,4.518,Eine Bewertung aufgrund einer Beschwerde wegen Diffamierung entfernt.,https://www.google.com/maps/place/Dr.+Dr.+Thomas+Thein/data=!4m7!3m6!1s0x479707f220c58305:0xe8c14885ae401edf!8m2!3d49.0089241!4d8.3939767!16s%2Fg%2F11qycpl296!19sChIJBYPFIPIHl0cR3x5AroVIweg?authuser=0&hl=de&rclk=1
130,SEEGER Living Premium Downtown - Serviced Apartments,76131,,4.7,30,1,1,1,1,3.23,4.581,Eine Bewertung aufgrund einer Beschwerde wegen Diffamierung entfernt.,https://www.google.com/maps/place/SEEGER+Living+Premium+Downtown+-+Serviced+Apartments/data=!4m10!3m9!1s0x4797065b42c611fb:0x79ef6dcb28e539dc!5m2!4m1!1i2!8m2!3d49.0049285!4d8.3948726!16s%2Fg%2F11h5rbdhkf!19sChIJ-xHGQlsGl0cR3DnlKMtt73k?authuser=0&hl=de&rclk=1
131,Dr.med.dent. Volker Bracher,76131,,5,21,1,1,1,1,4.55,4.818,Eine Bewertung aufgrund einer Beschwerde wegen Diffamierung entfernt.,https://www.google.com/maps/place/Dr.med.dent.+Volker+Bracher/data=!4m7!3m6!1s0x4797065c2464b4db:0xa6f343a71796c5cb!8m2!3d49.0028928!4d8.3898564!16s%2Fg%2F1tt8b63w!19sChIJ27RkJFwGl0cRy8WWF6dD86Y?authuser=0&hl=de&rclk=1
132,Spitzweg Apotheke,76131,,4.9,13,1,1,1,1,7.14,4.621,Eine Bewertung aufgrund einer Beschwerde wegen Diffamierung entfernt.,https://www.google.com/maps/place/Spitzweg+Apotheke/data=!4m7!3m6!1s0x479706676c1959f7:0xef312074eb371dd6!8m2!3d48.9983507!4d8.3903609!16s%2Fg%2F1tdydkyy!19sChIJ91kZbGcGl0cR1h0363QgMe8?authuser=0&hl=de&rclk=1
133,SEEGER Living Classic East - Serviced Apartments,76131,,3.3,12,1,1,1,1,7.69,3.123,Eine Bewertung aufgrund einer Beschwerde wegen Diffamierung entfernt.,https://www.google.com/maps/place/SEEGER+Living+Classic+East+-+Serviced+Apartments/data=!4m10!3m9!1s0x479706477f693021:0xc105e8186b14b845!5m2!4m1!1i2!8m2!3d49.0056108!4d8.4093468!16s%2Fg%2F11btww9jcm!19sChIJITBpf0cGl0cRRbgUaxjoBcE?authuser=0&hl=de&rclk=1
134,Herr Falk Dillmann,76131,,5,4,1,1,1,1,20,4.2,Eine Bewertung aufgrund einer Beschwerde wegen Diffamierung entfernt.,https://www.google.com/maps/place/Herr+Falk+Dillmann/data=!4m7!3m6!1s0x479709521fc5a381:0xe00443b729bbb105!8m2!3d49.0112078!4d8.437561!16s%2Fg%2F11h4kwbhjg!19sChIJgaPFH1IJl0cRBbG7KbdDBOA?authuser=0&hl=de&rclk=1
